161.162.241.175,3
161.162.243.44,1
161.162.241.182,23
161.162.241.186,96
10.98.32.134,25
10.98.32.128,2
10.99.2.99,3
161.162.244.25,1
10.98.32.16,2
161.162.241.69,8
161.162.241.145,2
161.162.244.30,10
161.162.244.60,3
161.162.241.177,2
161.162.242.12,4
161.162.244.23,1
161.162.243.70,2
161.162.244.21,1
161.162.244.54,27
10.99.2.73,65
161.162.244.62,8
161.162.244.27,2
161.162.243.81,22
161.162.244.56,6
161.162.244.31,6
161.162.241.42,1
161.162.244.18,20
161.162.242.149,1
161.162.244.41,3
10.99.2.134,4
161.162.244.5,10
161.162.244.42,3
10.98.32.142,13
161.162.244.16,8
10.98.32.139,2
161.162.244.39,1
161.162.241.181,23
161.162.241.133,3
161.162.241.195,190
10.98.32.140,2
161.162.241.143,133
apps.cokeone.com,16
161.162.242.90,4
161.162.244.10,4
161.162.241.184,72
161.162.244.24,1
10.98.32.131,2
161.162.241.142,2
161.162.244.66,2
161.162.244.37,13
161.162.244.43,3
10.98.32.135,24
161.162.244.58,3
161.162.243.112,1
10.99.2.142,2
161.162.242.16,5
125.255.178.58,2
161.162.242.143,3
161.162.242.17,2
161.162.242.99,1
161.162.242.14,5
161.162.244.65,2
161.162.242.29,10
161.162.243.45,3
161.162.241.144,2
10.99.2.58,4
10.99.2.75,35
161.162.244.6,4
161.162.242.28,4
161.162.243.80,4
161.162.243.103,13
161.162.241.132,3
161.162.242.19,2
161.162.242.38,12
161.162.242.35,2
161.162.244.20,10
161.162.242.83,32
161.162.241.212,404
161.162.244.47,53
10.99.2.156,3
161.162.241.147,3
161.162.242.11,5
161.162.241.150,23
161.162.241.178,74
161.162.243.12,3
161.162.241.219,253
161.162.241.141,2
161.162.244.38,8
161.162.241.179,136
161.162.244.64,1
161.162.244.57,4
161.162.243.24,1
161.162.243.47,2
10.99.2.141,5
161.162.244.63,1
161.162.242.59,2
161.162.241.188,2
161.162.241.15,2
161.162.241.146,2
161.162.242.33,59
10.98.32.132,4
161.162.244.12,5
161.162.241.187,2
161.162.244.171,2
161.162.241.173,2
161.162.241.172,2
161.162.244.29,1
10.99.2.29,1
161.162.244.7,11
161.162.244.35,12
161.162.242.105,5
161.162.243.48,8
161.162.244.55,2
161.162.242.23,2
10.98.32.137,29
161.162.241.148,2
161.162.242.154,1
161.162.241.183,18
161.162.242.60,6
161.162.241.45,2
161.162.244.32,10
161.162.241.174,2
161.162.241.218,4
10.98.32.138,8
125.255.178.29,1
161.162.243.83,1
161.162.244.51,6
161.162.244.40,3
161.162.242.111,10
161.162.244.33,1
10.99.2.153,1
161.162.241.214,30
161.162.243.82,10
161.162.242.115,3
161.162.241.196,198
161.162.242.18,69
10.98.32.133,12
10.98.32.136,2
161.162.241.220,149
161.162.241.176,39
161.162.244.26,14
161.162.241.68,6
161.162.243.67,339
161.162.241.185,81
161.162.244.150,6
161.162.244.8,4
10.99.2.143,2
